strike,bid,ask,lastPrice,impliedVolatility,volume,openInterest,midPrice,Moneyness,T,log_Moneyness,IV_mercado
270.0,102.5,105.35,102.9,0.5888712988281251,1,4,103.925,0.7239188114762851,0.09315068493150686,-0.3230760317293611,0.5888712988281251
280.0,92.5,95.7,92.5,0.5505416040039064,10,14,94.1,0.7507306193087401,0.09315068493150686,-0.2867083875584863,0.5505416040039064
290.0,83.0,86.05,70.18,0.5295457202148439,3,23,84.525,0.777542427141195,0.09315068493150686,-0.25161706774721626,0.5295457202148439
300.0,73.5,76.55,73.25,0.5045215563964844,21,95,75.025,0.8043542349736501,0.09315068493150686,-0.21771551607153483,0.5045215563964844
305.0,69.0,72.25,76.85,0.5079394909667969,2,32,70.625,0.8177601388898775,0.09315068493150686,-0.20118621412032436,0.5079394909667969
310.0,64.5,67.4,66.37,0.5569502313232424,3,54,65.95,0.8311660428061051,0.09315068493150686,-0.18492569324854402,0.5569502313232424
315.0,60.0,63.3,58.1,0.5573774731445313,4,37,61.65,0.8445719467223326,0.09315068493150686,-0.16892535190210284,0.5573774731445313
320.0,55.5,58.7,58.3,0.5361984857177735,3,37,57.1,0.8579778506385601,0.09315068493150686,-0.15317699493396364,0.5361984857177735
325.0,51.5,54.65,36.0,0.5316819293212891,2,30,53.075,0.8713837545547876,0.09315068493150686,-0.13767280839799848,0.5316819293212891
330.0,47.0,50.3,45.47,0.5145922564697265,20,100,48.65,0.8847896584710151,0.09315068493150686,-0.12240533626721001,0.5145922564697265
335.0,43.0,46.6,48.17,0.513951393737793,22,46,44.8,0.8981955623872426,0.09315068493150686,-0.10736745890266945,0.513951393737793
340.0,39.05,42.7,40.9,0.5039722454833984,52,61,40.875,0.91160146630347,0.09315068493150686,-0.0925523731175289,0.5039722454833984
345.0,35.5,38.9,33.2,0.49347430358886724,1,24,37.2,0.9250073702196976,0.09315068493150686,-0.07795357369637618,0.49347430358886724
350.0,32.0,35.0,35.48,0.47748325256347657,402,816,33.5,0.9384132741359251,0.09315068493150686,-0.06356483624427653,0.47748325256347657
355.0,28.65,32.0,31.1,0.47961946166992186,116,130,30.325,0.9518191780521525,0.09315068493150686,-0.04938020125232018,0.47961946166992186
360.0,25.8,28.65,28.25,0.4696708306884766,225,412,27.225,0.9652250819683801,0.09315068493150686,-0.03539395927758025,0.4696708306884766
365.0,22.5,25.75,26.0,0.4661308270263672,227,308,24.125,0.9786309858846076,0.09315068493150686,-0.021600637145244402,0.4661308270263672
370.0,20.1,23.0,21.74,0.46191944335937507,727,1873,21.55,0.9920368898008352,0.09315068493150686,-0.007994985089465745,0.46191944335937507
375.0,17.9,20.85,20.5,0.4666801379394532,370,501,19.375,1.0054427937170627,0.09315068493150686,0.005428035242674975,0.4666801379394532
380.0,15.7,18.65,19.05,0.4664970343017578,1289,707,17.174999999999997,1.01884869763329,0.09315068493150686,0.01867326199269543,0.4664970343017578
385.0,13.25,16.45,15.73,0.46252978881835943,201,457,14.85,1.0322546015495175,0.09315068493150686,0.03174534356004823,0.46252978881835943
390.0,12.25,14.5,13.6,0.4601494415283204,572,950,13.375,1.045660505465745,0.09315068493150686,0.04464874839595615,0.4601494415283204
395.0,10.1,12.8,11.9,0.45966116516113287,114,263,11.45,1.0590664093819726,0.09315068493150686,0.05738777417338594,0.45966116516113287
400.0,9.0,11.15,10.0,0.456609437866211,1768,2149,10.075,1.0724723132982001,0.09315068493150686,0.0699665563802461,0.456609437866211
405.0,8.35,10.1,9.08,0.46426927337646484,407,488,9.225,1.0858782172144277,0.09315068493150686,0.08238907637880327,0.46426927337646484
410.0,6.5,9.0,7.5,0.46783979431152345,307,921,7.75,1.0992841211306552,0.09315068493150686,0.09465916897061766,0.46783979431152345
415.0,5.85,8.25,7.02,0.4776053216552735,194,690,7.05,1.1126900250468825,0.09315068493150686,0.1067805295029623,0.4776053216552735
420.0,5.0,7.1,5.85,0.47400428344726564,399,1576,6.05,1.12609592896311,0.09315068493150686,0.11875672054967802,0.47400428344726564
425.0,4.0,5.85,5.5,0.4637504797363281,464,843,4.925,1.1395018328793376,0.09315068493150686,0.1305911781966809,0.4637504797363281
430.0,4.1,5.0,4.55,0.46155323608398446,465,1675,4.55,1.1529077367955651,0.09315068493150686,0.1422872179598722,0.46155323608398446
435.0,2.54,3.95,4.8,0.44861391235351555,90,306,3.245,1.1663136407117927,0.09315068493150686,0.1538480403609482,0.44861391235351555
440.0,2.85,3.6,3.64,0.4572197833251954,290,686,3.225,1.1797195446280202,0.09315068493150686,0.16527673618457098,0.4572197833251954
445.0,2.55,3.55,3.6,0.4762015270996094,61,227,3.05,1.1931254485442477,0.09315068493150686,0.1765762914385044,0.4762015270996094
450.0,2.26,2.95,2.55,0.4714408325195312,374,1463,2.605,1.206531352460475,0.09315068493150686,0.18774959203662944,0.4714408325195312
455.0,1.79,2.74,2.29,0.4813284289550781,131,137,2.265,1.2199372563767026,0.09315068493150686,0.19879942822321445,0.4813284289550781
460.0,1.7,2.44,2.06,0.48560084716796875,100,574,2.07,1.2333431602929301,0.09315068493150686,0.20972849875540475,0.48560084716796875
465.0,1.45,2.22,1.75,0.49219257812500006,36,290,1.835,1.2467490642091577,0.09315068493150686,0.22053941485962042,0.49219257812500006
470.0,1.35,1.9,1.7,0.49158223266601564,105,755,1.625,1.2601549681253852,0.09315068493150686,0.2312347039763684,0.49158223266601564
475.0,0.99,2.0,0.71,0.5142870837402342,114,117,1.495,1.2735608720416127,0.09315068493150686,0.24181681330690535,0.5142870837402342
480.0,0.15,1.5,1.31,0.49878430908203125,13,277,0.825,1.28696677595784,0.09315068493150686,0.25228811317420063,0.49878430908203125
485.0,0.7,2.0,1.15,0.5036670727539063,31,77,1.35,1.3003726798740676,0.09315068493150686,0.26265090020974724,0.5036670727539063
490.0,0.47,1.4,0.79,0.5225877819824218,29,63,0.9349999999999999,1.313778583790295,0.09315068493150686,0.27290740037693634,0.5225877819824218
495.0,0.78,2.16,0.57,0.5427291821289064,7,20,1.4700000000000002,1.3271844877065226,0.09315068493150686,0.2830597718409544,0.5427291821289064
500.0,0.75,1.25,0.85,0.5183153637695312,152,669,1.0,1.3405903916227502,0.09315068493150686,0.29311010769445583,0.5183153637695312
505.0,0.01,1.89,0.75,0.5273484765625001,26,11,0.95,1.3539962955389777,0.09315068493150686,0.30306043854762393,0.5273484765625001
510.0,0.01,0.9,0.76,0.5358933129882812,16,46,0.455,1.3674021994552052,0.09315068493150686,0.3129127349906356,0.5358933129882812
515.0,0.5,2.0,0.72,0.5825237060546875,6,12,1.25,1.3808081033714326,0.09315068493150686,0.32266890993600017,0.5825237060546875
550.0,0.1,0.9,0.5,0.5822795678710937,177,315,0.5,1.474649430785025,0.09315068493150686,0.38842028749878066,0.5822795678710937
